lat,lon,mag,time,t
-22.0353,-67.4145,4.4,2015-10-01 01:53:34,0.0
-30.7069,-71.4783,4.7,2015-10-01 02:06:22,768.0
18.0,-66.9182,2.8,2015-10-01 02:16:16,1362.0
-30.1461,-72.0068,4.6,2015-10-01 02:25:54,1940.0
-31.9046,-72.2302,4.4,2015-10-01 03:21:37,5283.0
18.3059,-64.1118,3.1,2015-10-01 06:19:33,15959.0
-27.8917,-66.4071,4.1,2015-10-01 08:50:16,25002.0
-31.759,-71.35300000000001,4.0,2015-10-01 09:28:58,27324.0
18.9115,-64.5071,3.1,2015-10-01 11:01:24,32870.0
18.645,-65.4736,2.9,2015-10-01 12:28:42,38108.0
-32.7952,-72.12100000000001,4.5,2015-10-01 14:31:10,45456.0
-32.8092,-72.0761,4.1,2015-10-01 16:47:54,53660.0
9.4757,-84.0688,4.2,2015-10-01 17:51:06,57452.0
15.029000000000002,-60.5546,4.4,2015-10-01 18:29:59,59785.0
-15.7239,-72.0935,4.9,2015-10-01 19:42:47,64153.0
-30.5618,-72.502,4.4,2015-10-01 20:28:33,66899.0
19.2259,-64.7058,2.4,2015-10-01 21:29:43,70569.0
18.0175,-65.3748,4.2,2015-10-02 02:34:34,88860.0
-45.6126,-107.3596,4.8,2015-10-02 04:28:32,95698.0
18.0342,-65.1309,2.8,2015-10-02 06:11:48,101894.0
18.0228,-65.152,2.9,2015-10-02 06:18:08,102274.0
18.8314,-65.6857,2.5,2015-10-02 06:29:55,102981.0
18.0785,-65.3985,2.9,2015-10-02 06:30:55,103041.0
-30.9404,-71.5984,4.5,2015-10-02 07:43:21,107387.0
-31.4233,-72.7889,4.5,2015-10-02 07:54:20,108046.0
18.0394,-65.3981,2.8,2015-10-02 08:03:57,108623.0
18.0412,-65.39699999999999,2.9,2015-10-02 08:12:14,109120.0
-31.8131,-72.8192,4.4,2015-10-02 08:13:01,109167.0
-36.6214,-71.47399999999999,4.6,2015-10-02 08:28:07,110073.0
-30.6825,-71.6204,4.4,2015-10-02 08:40:05,110791.0
18.0279,-65.3916,2.8,2015-10-02 08:52:17,111523.0
19.0252,-66.1771,2.8,2015-10-02 09:15:36,112922.0
18.031,-65.388,3.1,2015-10-02 10:05:24,115910.0
13.2629,-89.1194,4.3,2015-10-02 11:01:27,119273.0
18.4298,-66.2519,3.4,2015-10-02 13:35:04,128490.0
-56.1853,-27.4579,4.4,2015-10-02 14:09:05,130531.0
-32.0201,-71.94800000000001,4.5,2015-10-02 14:48:16,132882.0
-30.5332,-71.358,3.9,2015-10-02 15:04:17,133843.0
-30.579,-71.6,4.9,2015-10-02 16:22:47,138553.0
-31.0024,-72.834,4.9,2015-10-02 16:33:27,139193.0
19.2973,-66.182,3.3,2015-10-02 18:37:51,146657.0
19.3892,-66.1143,3.4,2015-10-02 19:06:31,148377.0
19.5163,-63.8768,3.3,2015-10-02 19:26:13,149559.0
-30.988000000000003,-72.563,4.2,2015-10-02 19:42:49,150555.0
-31.081999999999997,-71.334,4.0,2015-10-02 20:02:40,151746.0
-30.736,-71.35,4.0,2015-10-02 22:23:00,160166.0
-33.798,-71.915,4.3,2015-10-03 00:20:29,167215.0
-30.599,-72.70100000000001,4.2,2015-10-03 01:37:49,171855.0
-32.8147,-72.1442,4.0,2015-10-03 04:26:25,181971.0
-3.3756,-77.6498,4.4,2015-10-03 05:22:52,185358.0
18.0235,-65.3886,2.7,2015-10-03 05:31:26,185872.0
18.5464,-67.4384,2.5,2015-10-03 05:35:53,186139.0
-37.4557,-73.6761,5.8,2015-10-03 06:03:42,187808.0
-30.301,-71.551,5.9,2015-10-03 06:26:55,189201.0
14.2707,-92.9427,4.6,2015-10-03 06:51:15,190661.0
-30.3303,-71.4784,4.3,2015-10-03 07:20:00,192386.0
-32.2357,-72.1225,4.3,2015-10-03 07:42:57,193763.0
11.8584,-43.7352,5.0,2015-10-03 08:23:49,196215.0
-30.3288,-71.4924,4.5,2015-10-03 08:26:56,196402.0
-31.7517,-72.0152,4.0,2015-10-03 09:08:53,198919.0
-5.1172,-79.8908,4.0,2015-10-03 09:20:13,199599.0
18.7842,-64.4263,2.8,2015-10-03 09:33:12,200378.0
-31.7284,-72.2932,4.5,2015-10-03 11:01:46,205692.0
-29.8205,-71.7255,5.1,2015-10-03 11:21:01,206847.0
-31.1812,-71.7663,4.2,2015-10-03 12:12:16,209922.0
-29.8651,-71.6961,4.3,2015-10-03 13:48:10,215676.0
12.5825,-89.1255,4.6,2015-10-03 14:21:07,217653.0
18.7388,-64.2922,2.5,2015-10-03 15:45:57,222743.0
13.6234,-49.4518,4.3,2015-10-03 16:09:32,224158.0
18.4726,-64.3585,2.6,2015-10-03 16:51:17,226663.0
-30.6127,-71.7054,4.0,2015-10-03 18:27:52,232458.0
-30.779,-71.414,4.2,2015-10-03 18:59:37,234363.0
-29.4375,-71.2152,4.4,2015-10-03 19:43:21,236987.0
-38.3206,-74.2029,4.6,2015-10-03 19:53:27,237593.0
-31.6756,-72.9083,3.9,2015-10-03 23:23:31,250197.0
18.7735,-64.3186,2.6,2015-10-04 02:10:13,260199.0
-30.3105,-72.1018,5.5,2015-10-04 03:49:49,266175.0
19.1245,-66.4935,2.8,2015-10-04 04:48:30,269696.0
19.1404,-66.5029,2.4,2015-10-04 04:49:17,269743.0
18.412,-67.6764,2.9,2015-10-04 05:28:08,272074.0
19.1068,-66.4783,2.6,2015-10-04 06:45:44,276730.0
-57.8536,-25.4046,4.5,2015-10-04 07:45:43,280329.0
19.2161,-64.8158,3.0,2015-10-04 07:47:36,280442.0
18.1072,-67.0824,1.8,2015-10-04 08:10:37,281823.0
18.753,-64.3168,2.3,2015-10-04 08:23:28,282594.0
-30.8202,-71.6631,4.1,2015-10-04 09:06:41,285187.0
18.7089,-64.5863,2.4,2015-10-04 09:25:41,286327.0
-30.656,-71.627,5.0,2015-10-04 10:11:56,289102.0
-30.445999999999998,-71.601,4.0,2015-10-04 12:16:36,296582.0
-23.8804,-66.6896,4.3,2015-10-04 13:47:30,302036.0
14.2157,-92.6932,4.3,2015-10-04 13:50:15,302201.0
-16.2684,-72.1052,5.3,2015-10-04 14:50:34,305820.0
-3.7887,-79.9273,4.6,2015-10-04 15:56:40,309786.0
-30.5101,-72.1713,4.4,2015-10-04 16:57:22,313428.0
-30.7106,-71.4883,4.2,2015-10-04 17:58:13,317079.0
-30.2671,-71.7108,4.2,2015-10-04 18:21:53,318499.0
12.7868,-88.2071,4.4,2015-10-04 21:29:02,329728.0
18.1608,-68.5008,3.8,2015-10-04 23:14:55,336081.0
18.1872,-67.6877,3.0,2015-10-05 01:48:00,345266.0
-31.7828,-71.6072,3.9,2015-10-05 02:02:51,346157.0
16.8517,-95.7622,4.0,2015-10-05 02:40:53,348439.0
-31.7308,-71.9781,4.3,2015-10-05 05:04:56,357082.0
-35.5274,-104.2397,4.8,2015-10-05 05:59:02,360328.0
17.9867,-65.4572,2.1,2015-10-05 06:22:49,361755.0
-15.7,-74.03,4.2,2015-10-05 10:00:01,374787.0
19.1802,-64.5077,3.4,2015-10-05 13:25:32,387118.0
-30.3035,-71.5318,5.9,2015-10-05 16:33:26,398392.0
-31.0879,-72.7469,4.6,2015-10-05 17:30:53,401839.0
-24.1512,-67.3024,4.1,2015-10-05 19:51:59,410305.0
17.919,-67.1305,2.6,2015-10-05 21:15:58,415344.0
-32.123000000000005,-71.751,4.2,2015-10-05 21:51:38,417484.0
-32.082,-71.795,4.2,2015-10-05 21:58:16,417882.0
-31.6899,-72.0962,4.2,2015-10-06 02:00:57,432443.0
7.3755,-36.1333,4.6,2015-10-06 03:48:15,438881.0
18.7397,-64.3655,2.2,2015-10-06 04:00:03,439589.0
18.7341,-64.3551,2.9,2015-10-06 04:00:59,439645.0
-30.2554,-72.0994,4.7,2015-10-06 04:51:45,442691.0
18.8976,-65.1682,2.9,2015-10-06 05:03:39,443405.0
18.1217,-67.315,2.4,2015-10-06 05:08:17,443683.0
18.3658,-65.5644,1.8,2015-10-06 05:37:56,445462.0
18.51,-104.571,4.1,2015-10-06 05:39:07,445533.0
11.3695,-87.0252,4.5,2015-10-06 06:02:54,446960.0
-25.21,-70.192,4.3,2015-10-06 06:07:32,447238.0
12.1177,-88.9955,5.1,2015-10-06 09:21:23,458869.0
17.941,-67.1731,2.7,2015-10-06 09:42:14,460120.0
-31.432,-71.4573,4.7,2015-10-06 10:47:33,464039.0
-30.3789,-71.8161,4.1,2015-10-06 12:59:39,471965.0
-30.3927,-71.9603,4.2,2015-10-06 13:09:03,472529.0
-31.6888,-71.9677,4.1,2015-10-06 13:52:35,475141.0
-20.003,-70.9795,4.2,2015-10-06 16:41:32,485278.0
-30.8438,-71.4938,4.7,2015-10-06 22:48:33,507299.0
18.889,-64.2565,2.6,2015-10-07 01:08:26,515692.0
-30.3816,-72.0691,4.2,2015-10-07 02:12:25,519531.0
-3.932,-104.1362,5.4,2015-10-07 02:30:21,520607.0
-4.0507,-104.3905,4.5,2015-10-07 02:49:31,521757.0
-30.8207,-71.4446,4.5,2015-10-07 03:02:10,522516.0
18.27,-65.3655,2.8,2015-10-07 03:09:31,522957.0
18.694000000000003,-65.1408,2.5,2015-10-07 03:31:55,524301.0
18.158,-67.1102,1.8,2015-10-07 04:13:44,526810.0
-30.3764,-72.1749,4.1,2015-10-07 04:45:54,528740.0
17.85,-66.165,2.0,2015-10-07 04:47:04,528810.0
-17.7468,-69.7891,4.8,2015-10-07 05:59:13,533139.0
16.2342,-98.2004,4.3,2015-10-07 06:41:36,535682.0
-21.4172,-66.8022,4.4,2015-10-07 07:07:20,537226.0
-30.3022,-72.1414,4.2,2015-10-07 07:29:02,538528.0
-30.2971,-71.3616,4.8,2015-10-07 08:00:39,540425.0
18.1672,-67.09899999999999,2.3,2015-10-07 08:39:57,542783.0
14.577,-94.5473,4.1,2015-10-07 09:08:37,544503.0
-31.4877,-71.7728,4.5,2015-10-07 12:34:36,556862.0
-31.8261,-72.4314,4.2,2015-10-07 13:06:42,558788.0
18.9104,-64.3107,2.5,2015-10-07 14:18:54,563120.0
6.8568,-73.024,4.1,2015-10-07 14:35:47,564133.0
-30.8102,-71.4315,4.5,2015-10-07 19:35:16,582102.0
19.6655,-64.3407,3.2,2015-10-07 21:01:58,587304.0
17.9074,-65.6845,1.9,2015-10-07 21:04:10,587436.0
-21.97,-69.928,3.9,2015-10-07 22:14:27,591653.0
-31.6195,-72.3947,4.1,2015-10-07 23:43:11,596977.0
15.8047,-95.9373,4.3,2015-10-08 00:15:31,598917.0
18.7605,-66.8871,2.9,2015-10-08 01:56:07,604953.0
19.423,-66.2918,3.2,2015-10-08 02:30:25,607011.0
-23.9928,-69.1547,4.5,2015-10-08 02:42:24,607730.0
-30.3382,-71.9937,4.1,2015-10-08 02:54:18,608444.0
18.6497,-64.7611,3.0,2015-10-08 03:10:33,609419.0
-30.6725,-71.7478,4.3,2015-10-08 07:22:46,624552.0
19.4244,-66.0658,3.4,2015-10-08 08:21:35,628081.0
-30.7116,-71.6621,4.1,2015-10-08 08:46:14,629560.0
18.4361,-67.4466,2.6,2015-10-08 10:02:41,634147.0
18.2695,-66.13600000000001,2.3,2015-10-08 14:54:02,651628.0
17.9071,-67.1072,1.9,2015-10-08 17:20:16,660402.0
-17.4579,-71.9286,4.6,2015-10-08 20:04:37,670263.0
17.6457,-65.6333,2.7,2015-10-08 20:20:42,671228.0
18.6061,-66.7509,2.6,2015-10-09 00:05:29,684715.0
17.9377,-66.9048,2.3,2015-10-09 01:31:28,689874.0
-57.4121,-24.7532,5.0,2015-10-09 02:33:33,693599.0
19.0182,-65.3592,3.2,2015-10-09 03:52:21,698327.0
-15.9943,-69.7699,4.6,2015-10-09 04:09:35,699361.0
17.9207,-66.8884,2.5,2015-10-09 05:54:09,705635.0
-30.8494,-71.5687,4.6,2015-10-09 06:08:55,706521.0
-31.5296,-71.4782,4.0,2015-10-09 06:52:34,709140.0
-31.0489,-71.2989,4.4,2015-10-09 08:20:39,714425.0
-30.578000000000003,-72.3973,4.3,2015-10-09 10:38:22,722688.0
-2.4263,-79.5858,4.5,2015-10-09 11:47:02,726808.0
-30.136999999999997,-72.1387,4.3,2015-10-09 12:45:39,730325.0
-8.0706,-79.1971,4.0,2015-10-09 17:08:55,746121.0
-31.7323,-71.7325,5.5,2015-10-09 18:27:36,750842.0
17.836,-65.5558,2.4,2015-10-09 18:46:44,751990.0
-31.7373,-72.2605,4.1,2015-10-09 19:34:09,754835.0
-30.607,-71.399,4.1,2015-10-09 22:18:19,764685.0
18.4664,-66.247,2.7,2015-10-10 01:36:43,776589.0
-22.9691,-66.4436,4.6,2015-10-10 05:06:28,789174.0
15.7923,-94.7221,4.2,2015-10-10 05:25:27,790313.0
-24.4242,-67.0143,4.9,2015-10-10 06:00:23,792409.0
18.2145,-67.3874,2.5,2015-10-10 07:50:07,798993.0
17.863,-67.18,1.8,2015-10-10 08:44:29,802255.0
-30.6505,-72.1357,4.5,2015-10-10 08:58:37,803103.0
18.811,-64.83800000000001,3.1,2015-10-10 09:12:46,803952.0
17.8603,-67.18,2.1,2015-10-10 10:39:52,809178.0
18.9645,-64.8841,3.0,2015-10-10 12:18:09,815075.0
-30.52,-71.558,4.2,2015-10-10 13:16:34,818580.0
-31.77,-71.654,4.1,2015-10-10 14:26:04,822750.0
18.6534,-66.4954,2.4,2015-10-10 17:13:16,832782.0
18.7814,-64.2117,2.3,2015-10-10 19:33:29,841195.0
-30.3478,-72.6171,4.4,2015-10-10 23:08:24,854090.0
-55.1568,-28.301,4.6,2015-10-10 23:35:24,855710.0
18.8346,-65.0006,2.6,2015-10-11 00:16:12,858158.0
18.1429,-67.2659,2.4,2015-10-11 00:26:58,858804.0
-30.7276,-71.4836,4.6,2015-10-11 02:33:32,866398.0
19.354,-65.7133,3.0,2015-10-11 02:43:35,867001.0
18.8934,-65.468,3.0,2015-10-11 04:14:27,872453.0
19.1448,-66.4785,3.3,2015-10-11 08:33:50,888016.0
16.5627,-62.4367,4.1,2015-10-11 10:15:19,894105.0
18.1425,-67.3425,2.4,2015-10-11 13:13:40,904806.0
-31.3907,-69.2462,4.2,2015-10-11 13:59:24,907550.0
18.6025,-64.0436,2.7,2015-10-11 15:47:14,914020.0
-30.631,-71.8858,4.6,2015-10-11 16:54:58,918084.0
17.9424,-66.8961,2.1,2015-10-11 18:04:42,922268.0
-28.05,-66.3784,4.2,2015-10-11 21:22:17,934123.0
-30.7119,-71.3982,4.7,2015-10-11 21:23:44,934210.0
17.465999999999998,-94.8199,4.3,2015-10-11 23:06:22,940368.0
16.3928,-100.2169,4.1,2015-10-11 23:46:25,942771.0
18.8076,-64.249,2.8,2015-10-12 00:29:44,945370.0
18.2278,-67.2135,2.8,2015-10-12 00:45:43,946329.0
-30.7384,-71.5254,4.2,2015-10-12 01:46:46,949992.0
-25.4308,-69.2815,4.1,2015-10-12 02:25:43,952329.0
17.9946,-66.855,1.5,2015-10-12 02:26:14,952360.0
-32.114000000000004,-71.78,4.1,2015-10-12 02:59:05,954331.0
-31.1849,-71.8227,5.6,2015-10-12 03:15:19,955305.0
-31.1866,-71.8325,5.0,2015-10-12 03:31:32,956278.0
-13.9,-76.19,4.3,2015-10-12 04:16:09,958955.0
-23.9547,-67.0225,4.0,2015-10-12 04:26:49,959595.0
7.5362,-77.476,5.2,2015-10-12 04:35:40,960126.0
-31.569000000000003,-65.11399999999999,3.1,2015-10-12 04:36:45,960191.0
-31.186,-71.735,4.0,2015-10-12 04:50:18,961004.0
-31.1388,-71.9383,4.1,2015-10-12 05:10:19,962205.0
13.9043,-92.3265,4.2,2015-10-12 05:50:58,964644.0
18.9965,-64.8015,3.0,2015-10-12 06:42:07,967713.0
17.9811,-66.8636,2.1,2015-10-12 06:57:20,968626.0
-29.6534,-71.7064,4.5,2015-10-12 06:58:57,968723.0
18.281,-66.0167,3.0,2015-10-12 10:12:07,980313.0
-30.429000000000002,-71.684,4.2,2015-10-12 10:27:59,981265.0
18.8164,-64.3165,3.1,2015-10-12 11:42:07,985713.0
-31.1368,-71.9608,4.5,2015-10-12 14:09:42,994568.0
-31.1283,-71.8206,4.0,2015-10-12 14:47:59,996865.0
-30.5627,-71.697,4.2,2015-10-12 14:59:21,997547.0
12.8958,-88.4702,4.7,2015-10-12 15:18:53,998719.0
-30.784000000000002,-71.5077,4.6,2015-10-12 16:01:02,1001248.0
-30.5918,-71.7146,4.6,2015-10-12 16:46:43,1003989.0
-33.391999999999996,-72.368,4.2,2015-10-12 17:07:22,1005228.0
18.7035,-66.0643,2.2,2015-10-12 17:23:10,1006176.0
18.9013,-65.86,2.8,2015-10-12 18:49:29,1011355.0
18.915,-65.8615,3.2,2015-10-12 18:52:53,1011559.0
-30.4915,-72.1614,4.3,2015-10-12 23:30:26,1028212.0
18.2856,-68.0565,3.3,2015-10-12 23:57:02,1029808.0
-30.713,-71.575,4.1,2015-10-13 00:15:14,1030900.0
-30.4356,-71.622,4.4,2015-10-13 01:05:31,1033917.0
-22.6921,-66.3403,4.1,2015-10-13 05:32:54,1049960.0
19.9756,-75.8527,4.0,2015-10-13 07:07:27,1055633.0
15.2675,-91.9282,4.2,2015-10-13 07:19:41,1056367.0
-30.0825,-71.9132,4.3,2015-10-13 09:17:17,1063423.0
-34.0847,-72.3796,4.2,2015-10-13 09:29:03,1064129.0
17.8932,-68.6345,3.5,2015-10-13 09:47:32,1065238.0
18.7178,-67.02600000000001,2.8,2015-10-13 11:01:39,1069685.0
-30.5903,-71.4013,4.3,2015-10-13 11:16:25,1070571.0
-27.6585,-70.7834,4.2,2015-10-13 12:45:55,1075941.0
18.0076,-66.8155,2.1,2015-10-13 14:49:19,1083345.0
18.8122,-65.2713,3.0,2015-10-13 15:14:36,1084862.0
18.0778,-65.0233,2.8,2015-10-13 15:44:46,1086672.0
18.0287,-68.2656,3.3,2015-10-13 17:43:23,1093789.0
-31.7512,-72.1625,3.9,2015-10-13 17:46:58,1094004.0
-31.2252,-71.57,4.1,2015-10-13 19:33:02,1100368.0
-55.6369,-27.6107,4.6,2015-10-13 20:13:17,1102783.0
-30.9269,-72.1397,4.0,2015-10-13 23:25:58,1114344.0
-30.3953,-71.8561,4.2,2015-10-14 03:48:00,1130066.0
18.0541,-65.4178,2.5,2015-10-14 04:34:39,1132865.0
18.7437,-68.6372,3.4,2015-10-14 06:08:37,1138503.0
18.2691,-66.405,2.4,2015-10-14 06:48:24,1140890.0
13.0235,-88.7959,4.1,2015-10-14 07:31:52,1143498.0
7.6522,-73.3038,5.0,2015-10-14 07:47:18,1144424.0
-31.264,-71.46,4.2,2015-10-14 08:35:37,1147323.0
-33.358000000000004,-72.6858,4.4,2015-10-14 11:30:42,1157828.0
-22.575,-68.71,4.3,2015-10-14 12:56:09,1162955.0
19.2196,-67.7011,2.8,2015-10-14 15:24:30,1171856.0
18.8269,-67.1744,2.6,2015-10-14 18:19:47,1182373.0
19.2587,-105.3228,4.5,2015-10-15 00:48:17,1205683.0
14.5373,-92.7457,4.2,2015-10-15 02:53:58,1213224.0
18.9985,-65.4722,2.8,2015-10-15 04:49:49,1220175.0
16.6626,-93.4416,4.4,2015-10-15 07:13:24,1228790.0
-2.5015,-78.7623,5.4,2015-10-15 10:07:28,1239234.0
-30.8217,-71.8166,4.7,2015-10-15 11:03:11,1242577.0
17.9106,-67.18,1.5,2015-10-15 12:44:29,1248655.0
19.1413,-64.4042,2.9,2015-10-15 13:39:02,1251928.0
18.1881,-67.2622,2.1,2015-10-15 13:51:45,1252691.0
18.5981,-65.6102,2.9,2015-10-15 17:57:32,1267438.0
-22.7367,-68.9815,4.5,2015-10-15 18:01:31,1267677.0
10.306,-60.4299,4.3,2015-10-15 18:12:23,1268329.0
-30.5632,-71.6201,4.9,2015-10-15 19:23:22,1272588.0
-34.8999,-108.125,4.8,2015-10-15 19:56:46,1274592.0
-30.5745,-71.6555,4.2,2015-10-15 20:39:01,1277127.0
-30.6214,-71.8278,4.0,2015-10-15 22:18:45,1283111.0
19.322,-64.8831,2.6,2015-10-16 04:03:20,1303786.0
-19.9738,-68.7246,4.7,2015-10-16 04:43:55,1306221.0
18.7175,-66.2352,2.5,2015-10-16 05:31:30,1309076.0
17.9598,-66.5258,2.1,2015-10-16 06:32:14,1312720.0
-30.5689,-71.4396,4.1,2015-10-16 06:50:35,1313821.0
-19.9603,-66.7685,4.9,2015-10-16 07:18:40,1315506.0
-31.4359,-71.937,4.2,2015-10-16 12:49:09,1335335.0
-30.5265,-71.7478,4.1,2015-10-16 16:58:27,1350293.0
8.39,-103.2821,4.7,2015-10-16 18:45:44,1356730.0
8.6608,-103.2096,4.5,2015-10-16 18:48:17,1356883.0
10.7556,-62.8778,4.7,2015-10-17 00:57:01,1379007.0
19.1662,-64.7778,3.3,2015-10-17 01:11:42,1379888.0
19.273,-64.8555,2.4,2015-10-17 01:37:46,1381452.0
19.2579,-68.383,3.3,2015-10-17 01:40:23,1381609.0
18.0205,-67.1156,1.8,2015-10-17 05:00:24,1393610.0
6.827999999999999,-73.141,4.1,2015-10-17 05:53:45,1396811.0
17.996,-68.2465,3.4,2015-10-17 06:15:13,1398099.0
-20.581999999999997,-70.7838,4.5,2015-10-17 07:01:27,1400873.0
-31.6684,-72.1311,4.2,2015-10-17 08:38:55,1406721.0
18.4305,-67.467,2.4,2015-10-17 09:13:51,1408817.0
17.7845,-67.9627,2.8,2015-10-17 09:18:15,1409081.0
-25.4674,-64.4839,5.8,2015-10-17 11:33:08,1417174.0
-55.7445,-27.546,5.0,2015-10-17 11:39:05,1417531.0
13.3627,-89.9712,4.4,2015-10-17 14:17:37,1427043.0
18.1525,-64.655,3.0,2015-10-17 14:20:34,1427220.0
-31.3989,-72.1127,4.4,2015-10-17 15:11:44,1430290.0
18.642,-68.0609,2.8,2015-10-17 15:43:08,1432174.0
18.0844,-67.1409,1.9,2015-10-17 16:42:34,1435740.0
-42.6607,-82.4526,5.6,2015-10-17 17:52:19,1439925.0
-9.4402,-79.2779,4.2,2015-10-17 17:52:57,1439963.0
-31.7436,-71.9705,4.0,2015-10-17 20:32:06,1449512.0
17.9573,-65.9513,2.3,2015-10-17 20:34:49,1449675.0
18.9197,-64.3807,2.5,2015-10-17 22:19:47,1455973.0
19.4617,-65.3247,3.4,2015-10-18 00:27:37,1463643.0
19.3913,-65.3485,3.3,2015-10-18 00:31:51,1463897.0
18.0289,-68.4065,3.2,2015-10-18 01:26:37,1467183.0
19.2651,-64.8367,2.5,2015-10-18 01:35:58,1467744.0
-27.0674,-112.2751,4.4,2015-10-18 02:38:27,1471493.0
18.9775,-68.262,3.1,2015-10-18 02:57:12,1472618.0
17.9885,-67.0524,1.6,2015-10-18 03:04:47,1473073.0
18.1245,-66.044,1.9,2015-10-18 03:17:00,1473806.0
-35.5083,-103.9181,4.7,2015-10-18 04:44:50,1479076.0
19.0181,-63.7709,2.9,2015-10-18 05:51:45,1483091.0
18.4395,-67.3957,1.9,2015-10-18 06:39:02,1485928.0
17.8411,-66.1794,2.6,2015-10-18 09:22:34,1495740.0
18.0746,-66.2701,2.7,2015-10-18 10:49:08,1500934.0
19.0347,-64.7005,3.1,2015-10-18 11:47:22,1504428.0
-35.969,-72.668,4.8,2015-10-18 12:48:43,1508109.0
18.086,-64.164,3.1,2015-10-18 12:50:08,1508194.0
17.9874,-67.1153,2.0,2015-10-18 13:04:48,1509074.0
18.6,-68.0084,2.5,2015-10-18 13:28:01,1510467.0
-36.1137,-73.7941,4.1,2015-10-18 16:53:18,1522784.0
18.531,-67.4275,2.0,2015-10-18 17:00:08,1523194.0
-30.1732,-72.6303,4.4,2015-10-18 21:23:52,1539018.0
-31.3226,-72.2657,4.0,2015-10-18 23:01:15,1544861.0
19.5013,-66.2677,2.9,2015-10-19 00:13:24,1549190.0
-55.9562,-27.5243,4.4,2015-10-19 01:12:14,1552720.0
18.8269,-64.5473,2.1,2015-10-19 01:22:22,1553328.0
-34.8029,-71.6718,4.6,2015-10-19 02:41:00,1558046.0
-38.1623,-75.1155,4.2,2015-10-19 03:06:34,1559580.0
-30.2852,-72.2484,4.5,2015-10-19 04:37:12,1565018.0
-55.3206,-27.9528,4.2,2015-10-19 05:22:04,1567710.0
-21.1965,-68.6881,4.3,2015-10-19 05:43:51,1569017.0
18.7355,-67.6396,3.2,2015-10-19 05:57:23,1569829.0
4.8505,-82.7527,4.1,2015-10-19 08:42:56,1579762.0
17.8365,-67.6075,2.6,2015-10-19 08:51:03,1580249.0
-30.2687,-71.9793,4.5,2015-10-19 09:28:41,1582507.0
-33.4872,-70.8707,4.7,2015-10-19 14:37:51,1601057.0
-31.3436,-72.2126,4.1,2015-10-19 17:27:21,1611227.0
-30.7077,-71.44,4.4,2015-10-19 17:57:02,1613008.0
17.4447,-64.9244,3.1,2015-10-19 19:35:59,1618945.0
18.9414,-64.931,3.0,2015-10-19 19:47:57,1619663.0
-35.7708,-101.7953,4.6,2015-10-19 20:27:21,1622027.0
-36.2441,-99.90799999999999,4.4,2015-10-19 20:30:56,1622242.0
19.5545,-65.5288,3.4,2015-10-19 20:45:28,1623114.0
18.9759,-67.8391,3.3,2015-10-19 20:57:37,1623843.0
18.9633,-67.7502,3.0,2015-10-19 21:45:06,1626692.0
19.0655,-67.7906,2.8,2015-10-19 22:27:39,1629245.0
19.4258,-66.355,3.4,2015-10-19 22:31:52,1629498.0
-31.1618,-71.7506,4.2,2015-10-19 22:34:49,1629675.0
18.0919,-65.0392,2.4,2015-10-19 23:33:27,1633193.0
-55.2355,-27.9475,4.4,2015-10-20 00:19:27,1635953.0
18.5105,-67.5552,2.4,2015-10-20 01:32:56,1640362.0
-55.7504,-27.8638,4.3,2015-10-20 01:58:21,1641887.0
18.947,-64.398,2.4,2015-10-20 02:24:35,1643461.0
18.8969,-64.2918,3.0,2015-10-20 02:30:05,1643791.0
18.8943,-64.2655,2.8,2015-10-20 02:45:01,1644687.0
17.9951,-65.587,2.7,2015-10-20 02:52:47,1645153.0
18.61,-66.96,2.3,2015-10-20 03:04:05,1645831.0
18.8563,-67.459,3.0,2015-10-20 03:31:14,1647460.0
-29.973000000000003,-71.1056,3.9,2015-10-20 04:01:28,1649274.0
-30.7726,-71.4885,4.7,2015-10-20 04:06:54,1649600.0
-30.7412,-71.4384,4.1,2015-10-20 04:15:20,1650106.0
-30.7867,-71.4045,5.0,2015-10-20 10:06:14,1671160.0
18.9988,-65.3933,3.1,2015-10-20 10:07:56,1671262.0
18.2404,-61.0634,4.6,2015-10-20 13:57:50,1685056.0
-29.9607,-72.2611,4.3,2015-10-20 16:43:31,1694997.0
-20.5458,-70.6956,3.9,2015-10-20 19:03:09,1703375.0
18.3761,-64.9207,2.8,2015-10-20 19:41:01,1705647.0
18.0911,-65.5818,1.8,2015-10-20 20:13:22,1707588.0
-57.4332,-65.8872,5.6,2015-10-20 20:33:12,1708778.0
-30.4214,-71.7119,3.9,2015-10-20 21:45:23,1713109.0
-30.8176,-71.5045,4.5,2015-10-20 23:55:48,1720934.0
-31.7063,-72.0508,4.2,2015-10-21 02:12:22,1729128.0
-30.6918,-71.571,4.0,2015-10-21 03:10:28,1732614.0
-30.3618,-71.7019,4.1,2015-10-21 05:22:07,1740513.0
-22.395,-67.781,4.7,2015-10-21 09:22:07,1754913.0
18.1152,-66.84899999999999,2.0,2015-10-21 11:11:36,1761482.0
18.9358,-65.3444,3.3,2015-10-21 12:25:09,1765895.0
18.9902,-65.3874,3.1,2015-10-21 12:25:10,1765896.0
18.9888,-65.4377,2.5,2015-10-21 12:31:17,1766263.0
18.4589,-64.3655,3.2,2015-10-21 12:39:41,1766767.0
-20.3199,-69.1422,4.5,2015-10-21 14:39:17,1773943.0
-18.9925,-68.3633,4.5,2015-10-21 18:11:04,1786650.0
2.1717,-99.2102,4.2,2015-10-21 18:20:33,1787219.0
-30.8311,-71.4796,4.9,2015-10-21 18:45:46,1788732.0
-26.9223,-113.6212,4.8,2015-10-21 21:19:24,1797950.0
-31.182,-71.8011,4.2,2015-10-21 22:04:31,1800657.0
-30.3046,-71.6998,4.2,2015-10-22 00:02:55,1807761.0
17.4689,-65.7533,2.4,2015-10-22 00:14:06,1808432.0
19.5277,-66.1275,3.4,2015-10-22 02:56:34,1818180.0
19.1124,-68.0962,3.0,2015-10-22 03:32:44,1820350.0
17.9592,-66.6997,2.8,2015-10-22 04:18:00,1823066.0
18.1345,-66.9408,1.9,2015-10-22 05:39:40,1827966.0
18.127,-66.7435,2.1,2015-10-22 08:47:22,1839228.0
18.673,-64.2799,2.2,2015-10-22 16:24:11,1866637.0
18.8598,-62.5966,4.3,2015-10-22 17:13:17,1869583.0
18.1935,-64.8768,1.8,2015-10-22 18:24:04,1873830.0
18.9811,-65.0652,2.2,2015-10-22 19:01:23,1876069.0
18.1245,-66.752,2.2,2015-10-22 20:13:21,1880387.0
-30.385,-71.699,4.2,2015-10-22 20:22:28,1880934.0
18.8073,-67.236,2.6,2015-10-22 22:32:30,1888736.0
18.0095,-67.1047,2.2,2015-10-22 23:00:02,1890388.0
18.8847,-64.3724,2.2,2015-10-22 23:52:28,1893534.0
17.8605,-66.8902,2.1,2015-10-22 23:53:47,1893613.0
-32.3763,-72.0691,4.5,2015-10-23 01:52:52,1900758.0
19.1611,-67.821,2.6,2015-10-23 03:39:13,1907139.0
18.8314,-64.3184,2.7,2015-10-23 04:38:19,1910685.0
-29.9521,-68.4605,4.5,2015-10-23 05:25:01,1913487.0
18.1261,-67.0709,2.7,2015-10-23 06:06:35,1915981.0
3.3338,-84.3057,4.5,2015-10-23 06:53:12,1918778.0
19.1301,-65.5235,3.0,2015-10-23 07:59:10,1922736.0
18.5907,-66.8821,3.0,2015-10-23 09:33:41,1928407.0
18.567999999999998,-66.1262,2.8,2015-10-23 10:17:05,1931011.0
-30.7656,-71.5533,4.5,2015-10-23 14:47:58,1947264.0
19.495,-65.5335,3.3,2015-10-23 15:48:49,1950915.0
18.9626,-65.1522,2.8,2015-10-23 16:15:48,1952534.0
17.9955,-67.0671,1.9,2015-10-23 17:50:16,1958202.0
-25.655,-70.785,4.2,2015-10-23 18:33:49,1960815.0
18.0312,-65.4215,2.3,2015-10-24 02:00:57,1987643.0
17.9794,-67.1088,1.8,2015-10-24 02:07:18,1988024.0
-31.5802,-71.5484,4.3,2015-10-24 02:26:25,1989171.0
17.9685,-67.1035,2.0,2015-10-24 04:17:18,1995824.0
19.2577,-64.7536,3.6,2015-10-24 08:11:21,2009867.0
19.102999999999998,-64.5392,3.2,2015-10-24 08:17:53,2010259.0
19.295,-64.692,3.2,2015-10-24 08:51:57,2012303.0
19.0722,-64.6009,3.3,2015-10-24 09:13:57,2013623.0
19.192999999999998,-64.7174,3.3,2015-10-24 09:33:21,2014787.0
18.2064,-67.0609,1.9,2015-10-24 10:20:25,2017611.0
-30.4287,-71.9638,4.0,2015-10-24 10:43:24,2018990.0
19.7038,-66.057,3.4,2015-10-24 12:09:36,2024162.0
-30.041999999999998,-71.309,4.0,2015-10-24 14:52:23,2033929.0
17.8486,-67.1986,1.6,2015-10-24 15:28:37,2036103.0
19.673,-66.1165,2.9,2015-10-24 15:37:08,2036614.0
-56.2894,-25.8121,4.8,2015-10-24 17:02:14,2041720.0
-30.7885,-72.7249,4.7,2015-10-24 17:58:10,2045076.0
-30.6267,-71.7016,4.0,2015-10-24 18:17:23,2046229.0
-30.5641,-71.7072,3.9,2015-10-24 19:06:06,2049152.0
19.6653,-65.99,3.2,2015-10-24 19:14:19,2049645.0
18.5853,-68.98,3.9,2015-10-24 19:23:18,2050184.0
-31.441999999999997,-71.4883,5.0,2015-10-24 21:24:45,2057471.0
18.6814,-64.2983,2.8,2015-10-24 23:13:37,2064003.0
18.863,-64.4309,3.0,2015-10-25 01:13:56,2071222.0
-55.423,-27.8048,4.8,2015-10-25 02:09:30,2074556.0
-55.3325,-27.6749,4.5,2015-10-25 02:13:48,2074814.0
-55.4658,-27.893,4.8,2015-10-25 02:29:07,2075733.0
-41.9273,-73.68,4.3,2015-10-25 04:02:40,2081346.0
-20.4161,-68.9091,4.6,2015-10-25 05:46:22,2087568.0
18.1986,-65.1419,2.3,2015-10-25 05:50:52,2087838.0
17.795,-66.9091,2.1,2015-10-25 06:31:18,2090264.0
18.398,-64.7478,2.5,2015-10-25 07:00:48,2092034.0
-55.3887,-27.7383,4.3,2015-10-25 11:18:39,2107505.0
-29.7532,-71.3807,4.3,2015-10-25 13:13:46,2114412.0
18.2628,-101.611,5.2,2015-10-25 14:47:51,2120057.0
-39.4555,-72.6187,4.3,2015-10-25 15:37:42,2123048.0
-30.4401,-72.1858,4.3,2015-10-25 16:34:26,2126452.0
-21.9156,-68.6802,4.1,2015-10-25 21:51:37,2145483.0
-31.9159,-69.1843,4.0,2015-10-25 22:15:45,2146931.0
18.6527,-67.5245,2.5,2015-10-26 02:52:43,2163549.0
18.5767,-64.9458,2.3,2015-10-26 02:53:13,2163579.0
17.6893,-68.8147,3.6,2015-10-26 12:58:36,2199902.0
-30.0752,-72.9545,4.5,2015-10-26 14:26:21,2205167.0
-17.9737,-69.4634,5.0,2015-10-26 14:38:58,2205924.0
-35.5963,-70.6717,4.5,2015-10-26 14:59:34,2207160.0
12.1842,-88.8448,4.2,2015-10-26 15:53:47,2210413.0
18.2448,-67.3119,2.9,2015-10-26 21:43:54,2231420.0
18.9015,-67.2034,2.7,2015-10-26 22:11:50,2233096.0
-31.6621,-72.1311,4.1,2015-10-27 01:06:43,2243589.0
19.1751,-64.278,3.1,2015-10-27 02:07:20,2247226.0
18.9323,-65.22399999999999,2.5,2015-10-27 02:09:53,2247379.0
-55.381,-27.3805,4.3,2015-10-27 02:38:18,2249084.0
-30.7728,-72.1007,4.3,2015-10-27 02:38:56,2249122.0
-30.8476,-71.9958,4.3,2015-10-27 04:05:57,2254343.0
19.3565,-64.6723,3.3,2015-10-27 07:19:31,2265957.0
18.9892,-67.1908,3.2,2015-10-27 11:18:19,2280285.0
-34.7956,-72.8454,4.4,2015-10-27 16:21:56,2298502.0
-32.7727,-71.6589,4.4,2015-10-27 18:32:30,2306336.0
16.4378,-97.9804,4.6,2015-10-27 22:25:01,2320287.0
13.3212,-88.0872,4.9,2015-10-27 22:49:41,2321767.0
17.9395,-66.8868,1.5,2015-10-28 01:13:40,2330406.0
18.1154,-66.574,2.5,2015-10-28 02:12:27,2333933.0
17.8521,-67.1522,2.3,2015-10-28 02:43:11,2335777.0
-30.2931,-71.6389,4.1,2015-10-28 04:12:06,2341112.0
-30.8713,-71.4536,4.5,2015-10-28 04:54:55,2343681.0
15.4992,-95.3411,4.1,2015-10-28 09:01:25,2358471.0
-10.61,-76.8352,4.5,2015-10-28 09:02:43,2358549.0
-23.153000000000002,-70.607,4.9,2015-10-28 09:08:00,2358866.0
13.9473,-58.326,4.2,2015-10-28 14:04:55,2376681.0
-9.6416,-71.2977,4.5,2015-10-28 17:10:55,2387841.0
15.687000000000001,-93.8524,4.1,2015-10-28 18:20:52,2392038.0
18.3122,-67.3462,2.6,2015-10-28 19:21:40,2395686.0
-23.2998,-69.0924,4.6,2015-10-28 19:45:03,2397089.0
19.183,-64.6275,2.1,2015-10-29 00:02:55,2412561.0
6.8083,-73.0203,4.5,2015-10-29 00:34:23,2414449.0
17.8202,-66.6986,1.9,2015-10-29 00:36:50,2414596.0
19.1506,-64.6307,2.3,2015-10-29 00:44:17,2415043.0
-56.0239,-27.6803,4.0,2015-10-29 01:16:22,2416968.0
21.3612,-45.919,4.6,2015-10-29 01:28:49,2417715.0
19.1984,-68.4365,3.7,2015-10-29 01:48:24,2418890.0
18.0955,-67.0923,1.5,2015-10-29 02:12:12,2420318.0
19.2084,-64.6351,3.1,2015-10-29 02:30:05,2421391.0
-31.7533,-71.7524,4.2,2015-10-29 03:19:22,2424348.0
-10.4574,-76.7469,4.3,2015-10-29 04:02:47,2426953.0
17.989,-67.083,2.4,2015-10-29 04:40:05,2429191.0
-34.699,-71.837,4.1,2015-10-29 06:34:47,2436073.0
-28.7086,-70.5038,4.3,2015-10-29 10:28:21,2450087.0
-31.7198,-72.1,4.6,2015-10-29 10:31:27,2450273.0
-31.778000000000002,-72.2967,4.3,2015-10-29 11:34:30,2454056.0
-31.741,-72.193,4.0,2015-10-29 11:51:07,2455053.0
18.721,-66.081,2.6,2015-10-29 11:59:57,2455583.0
19.2838,-64.8375,3.1,2015-10-29 13:49:16,2462142.0
19.1732,-64.721,2.6,2015-10-29 13:50:27,2462213.0
-30.616999999999997,-71.642,4.4,2015-10-29 14:08:57,2463323.0
19.3173,-64.7273,3.3,2015-10-29 14:16:25,2463771.0
19.3766,-64.7395,3.2,2015-10-29 14:19:26,2463952.0
1.4147,-102.2278,4.6,2015-10-29 14:27:59,2464465.0
-31.848000000000003,-72.164,3.9,2015-10-29 16:20:15,2471201.0
19.2525,-64.3505,2.8,2015-10-29 19:52:38,2483944.0
-41.115,-91.0463,4.9,2015-10-29 20:41:08,2486854.0
17.7749,-65.5855,2.4,2015-10-29 21:47:46,2490852.0
19.186,-68.762,3.8,2015-10-29 22:18:27,2492693.0
6.8498,-73.0719,4.5,2015-10-29 22:40:25,2494011.0
19.0097,-64.3803,2.9,2015-10-29 22:53:18,2494784.0
18.2133,-67.8539,3.0,2015-10-29 23:17:21,2496227.0
-30.7421,-71.5608,4.2,2015-10-30 02:24:30,2507456.0
19.139,-64.6958,2.9,2015-10-30 02:40:47,2508433.0
19.1648,-64.4927,2.7,2015-10-30 02:54:39,2509265.0
18.0384,-68.5446,3.4,2015-10-30 03:05:54,2509940.0
19.1816,-64.6471,3.1,2015-10-30 03:16:25,2510571.0
18.1704,-66.7478,2.0,2015-10-30 03:20:50,2510836.0
19.1362,-65.4294,2.9,2015-10-30 03:28:23,2511289.0
19.2465,-64.8653,3.3,2015-10-30 04:15:59,2514145.0
18.0182,-66.805,1.9,2015-10-30 04:40:12,2515598.0
-10.0414,-75.35300000000001,4.3,2015-10-30 04:45:41,2515927.0
18.774,-66.0899,2.6,2015-10-30 04:53:57,2516423.0
19.177,-64.653,2.5,2015-10-30 05:47:09,2519615.0
18.6397,-66.9059,3.0,2015-10-30 06:12:19,2521125.0
17.7523,-65.4063,2.4,2015-10-30 06:34:14,2522440.0
19.1725,-64.597,3.2,2015-10-30 06:56:25,2523771.0
19.1865,-64.6266,2.8,2015-10-30 07:16:05,2524951.0
18.9085,-68.6453,3.5,2015-10-30 07:27:43,2525649.0
-31.8309,-72.0567,4.3,2015-10-30 07:55:08,2527294.0
19.0552,-64.5715,2.9,2015-10-30 07:57:44,2527450.0
14.126,-91.5393,4.4,2015-10-30 07:59:41,2527567.0
19.097,-64.5522,2.9,2015-10-30 08:10:52,2528238.0
19.0809,-64.5719,2.3,2015-10-30 08:14:11,2528437.0
19.0655,-64.5398,2.7,2015-10-30 08:32:21,2529527.0
19.1299,-64.6041,3.3,2015-10-30 08:41:08,2530054.0
19.003,-64.4135,2.5,2015-10-30 08:46:51,2530397.0
19.027,-64.5595,2.5,2015-10-30 08:49:23,2530549.0
19.0664,-64.72,2.8,2015-10-30 08:50:54,2530640.0
18.9986,-64.5262,2.7,2015-10-30 09:18:11,2532277.0
19.1685,-64.6128,2.6,2015-10-30 09:20:44,2532430.0
19.0412,-64.4322,2.9,2015-10-30 09:27:32,2532838.0
19.0921,-64.7126,2.8,2015-10-30 09:43:10,2533776.0
19.1767,-64.6461,3.3,2015-10-30 10:10:45,2535431.0
19.197,-64.6193,3.4,2015-10-30 10:12:54,2535560.0
19.1875,-64.6345,3.4,2015-10-30 10:14:20,2535646.0
19.1737,-64.6146,3.0,2015-10-30 10:17:08,2535814.0
19.1623,-64.6713,2.9,2015-10-30 10:24:41,2536267.0
19.01,-64.6085,2.4,2015-10-30 10:27:10,2536416.0
18.8577,-64.5491,2.9,2015-10-30 10:33:42,2536808.0
19.0438,-64.5647,2.3,2015-10-30 10:43:41,2537407.0
19.1215,-64.5582,2.7,2015-10-30 10:56:41,2538187.0
19.1543,-64.6348,2.6,2015-10-30 11:00:57,2538443.0
19.1235,-64.6867,3.2,2015-10-30 11:04:50,2538676.0
18.7637,-64.4558,2.5,2015-10-30 11:10:06,2538992.0
19.0702,-64.5596,2.7,2015-10-30 11:29:26,2540152.0
19.0853,-64.5759,3.0,2015-10-30 11:30:45,2540231.0
19.128,-64.5309,3.0,2015-10-30 11:58:33,2541899.0
19.0695,-64.4318,2.6,2015-10-30 12:15:56,2542942.0
-31.7046,-71.993,4.2,2015-10-30 12:41:40,2544486.0
19.1569,-64.5302,2.7,2015-10-30 13:28:11,2547277.0
19.1669,-64.5227,2.6,2015-10-30 16:19:58,2557584.0
19.1704,-65.9517,3.3,2015-10-30 17:26:56,2561602.0
18.9205,-65.2353,2.8,2015-10-30 18:56:31,2566977.0
-30.0719,-66.5968,4.6,2015-10-30 20:00:31,2570817.0
18.9899,-64.373,2.9,2015-10-30 21:59:01,2577927.0
13.1258,-88.6936,4.4,2015-10-30 23:56:30,2584976.0
19.0774,-64.374,3.0,2015-10-31 02:11:48,2593094.0
-18.5011,-71.5152,4.2,2015-10-31 02:19:10,2593536.0
18.8887,-65.0152,3.0,2015-10-31 03:24:34,2597460.0
17.8103,-66.8933,2.1,2015-10-31 03:54:51,2599277.0
19.455,-68.692,3.5,2015-10-31 06:56:32,2610178.0
13.2506,-90.6608,4.4,2015-10-31 12:13:58,2629224.0
19.5975,-70.5336,3.5,2015-10-31 13:34:37,2634063.0
10.1579,-83.9855,4.6,2015-10-31 15:10:14,2639800.0
18.3439,-64.6615,2.2,2015-10-31 16:41:25,2645271.0
10.4767,-86.2008,4.4,2015-10-31 17:34:54,2648480.0
7.394,-80.6337,4.2,2015-10-31 18:14:47,2650873.0
-55.68,-27.3589,4.4,2015-10-31 18:20:16,2651202.0
-55.2981,-26.7034,4.0,2015-10-31 18:24:53,2651479.0
18.937,-65.2498,2.7,2015-10-31 18:35:08,2652094.0
-31.0944,-71.8204,4.1,2015-10-31 19:29:17,2655343.0
8.3924,-82.816,4.3,2015-10-31 20:22:21,2658527.0
-14.3113,-76.3107,4.4,2015-10-31 23:56:08,2671354.0
